fecha,categoria,unidades,ventas_sin_iva_eur,coste_producto_eur
2026-07-01,Cuadernos,20,80.00,40.00
2026-07-01,Boligrafos,30,45.00,18.00
2026-07-08,Cuadernos,25,100.00,50.00
2026-07-08,Boligrafos,40,60.00,24.00
2026-07-15,Mochilas,5,150.00,90.00
2026-07-22,Mochilas,6,180.00,108.00
2026-08-01,Cuadernos,35,140.00,70.00
2026-08-01,Boligrafos,50,75.00,30.00
2026-08-08,Cuadernos,40,160.00,80.00
2026-08-08,Boligrafos,60,90.00,36.00
2026-08-15,Mochilas,9,270.00,162.00
2026-08-22,Mochilas,10,300.00,180.00
